subject_id,Normal,Fog,Clutter,Contrast,RDK,heldout_performance,performance_drop,robustness_ratio
mouse_session_1,0.821429,0.692308,0.666667,1.0,0.461538,0.7094016666666666,0.11202733333333337,0.8636189697060448
mouse_session_2,0.737705,0.647059,0.647059,0.764706,0.411765,0.6078433333333333,0.12986166666666676,0.8239653158557055
mouse_session_3,0.82716,0.72973,0.861111,0.861111,0.555556,0.7592593333333334,0.06790066666666661,0.9179110853200511
mouse_session_4,0.964912,0.782609,0.826087,1.0,0.636364,0.820817,0.14409499999999997,0.850665138375313
mouse_session_5,0.87619,0.698413,0.65625,0.84127,0.619048,0.7055226666666666,0.1706673333333334,0.8052165245741981
